{"hours_wall_time": 0.0179042, "episode_length": 32.0, "episode_reward": 0.11654799999999987, "num_env_samples": 8814.0, "average_entropy": 1.421344518661499, "distance_traveled": 0.0818879565222797, "mean_fwd_rew": 0.1366528385934624, "mean_torque_rew": -133.01071188358202, "mean_x_vel": 0.1692172955129606, "terminal_observation": {"_type": "histogram", "values": [0, 0, 0, 0, 0, 0, 0, 0, 0, 0, 0, 0, 0, 0, 0, 0, 41, 0, 0, 0, 0, 0, 0, 0, 0, 0, 0, 0, 0, 0, 0, 0], "bins": [-0.5, -0.46875, -0.4375, -0.40625, -0.375, -0.34375, -0.3125, -0.28125, -0.25, -0.21875, -0.1875, -0.15625, -0.125, -0.09375, -0.0625, -0.03125, 0.0, 0.03125, 0.0625, 0.09375, 0.125, 0.15625, 0.1875, 0.21875, 0.25, 0.28125, 0.3125, 0.34375, 0.375, 0.40625, 0.4375, 0.46875, 0.5]}, "_runtime": 65, "_timestamp": 1617893517, "_step": 389}