{"hours_wall_time": 0.0031647266666666664, "episode_length": 19.0, "episode_reward": -5.254839, "num_env_samples": 1191.0, "average_entropy": 1.4189096689224243, "distance_traveled": -0.057721727081542856, "mean_fwd_rew": -0.1497247374772362, "mean_torque_rew": -126.84574086818549, "mean_x_vel": -0.16065126216722786, "terminal_observation": {"_type": "histogram", "values": [1, 0, 0, 0, 1, 2, 1, 0, 2, 3, 5, 1, 1, 0, 4, 3, 4, 11, 1, 3, 0, 2, 1, 0, 4, 0, 1, 1, 1, 3, 1, 1], "bins": [-2.493284225463867, -2.3507354259490967, -2.208186388015747, -2.0656375885009766, -1.923088788986206, -1.780539870262146, -1.6379910707473755, -1.4954421520233154, -1.352893352508545, -1.2103444337844849, -1.0677955150604248, -0.9252467155456543, -0.7826977968215942, -0.640148937702179, -0.49760007858276367, -0.3550512194633484, -0.2125023603439331, -0.06995349377393723, 0.07259537279605865, 0.21514424681663513, 0.3576931059360504, 0.5002419948577881, 0.6427908539772034, 0.7853397130966187, 0.9278885722160339, 1.0704374313354492, 1.2129863500595093, 1.3555351495742798, 1.4980840682983398, 1.6406328678131104, 1.7831817865371704, 1.925730586051941, 2.068279504776001]}, "_runtime": 12, "_timestamp": 1617832607, "_step": 39}