{"hours_wall_time": 0.004431470983333333, "episode_length": 30.349999999999998, "episode_reward": -7.28194152, "num_env_samples": 1606.6000000000004, "average_entropy": 1.4182698937609064, "distance_traveled": -0.06632717948771143, "mean_fwd_rew": -0.09275224851414772, "mean_torque_rew": -127.42977207541499, "mean_x_vel": -0.1006419360431892, "terminal_observation": {"_type": "histogram", "values": [1, 0, 0, 0, 0, 0, 0, 0, 0, 0, 0, 0, 0, 0, 0, 0, 0, 0, 0, 0, 0, 0, 0, 0, 1, 6, 5, 8, 10, 17, 5, 5], "bins": [-2.6959195137023926, -2.6021456718444824, -2.508371591567993, -2.414597749710083, -2.320823907852173, -2.2270500659942627, -2.1332759857177734, -2.0395021438598633, -1.9457281827926636, -1.8519543409347534, -1.7581803798675537, -1.664406418800354, -1.5706325769424438, -1.4768586158752441, -1.383084774017334, -1.2893108129501343, -1.1955368518829346, -1.1017630100250244, -1.0079890489578247, -0.9142151474952698, -0.8204412460327148, -0.7266673445701599, -0.632893443107605, -0.53911954164505, -0.44534561038017273, -0.3515717089176178, -0.2577977776527405, -0.16402387619018555, -0.07024995982646942, 0.023523952811956406, 0.11729786545038223, 0.21107177436351776, 0.3048456907272339]}, "_runtime": 31, "_timestamp": 1617831907, "_step": 0}