{"hours_wall_time": 0.0035146397222222225, "episode_length": 13.0, "episode_reward": -3.20015, "num_env_samples": 1661.0, "average_entropy": 1.4193962812423706, "distance_traveled": -0.027759804814520617, "mean_fwd_rew": -0.11596407370840356, "mean_torque_rew": -130.20132987230392, "mean_x_vel": -0.16188163739761718, "terminal_observation": {"_type": "histogram", "values": [0, 0, 0, 0, 0, 0, 0, 0, 0, 0, 0, 0, 0, 0, 0, 0, 41, 0, 0, 0, 0, 0, 0, 0, 0, 0, 0, 0, 0, 0, 0, 0], "bins": [-0.5, -0.46875, -0.4375, -0.40625, -0.375, -0.34375, -0.3125, -0.28125, -0.25, -0.21875, -0.1875, -0.15625, -0.125, -0.09375, -0.0625, -0.03125, 0.0, 0.03125, 0.0625, 0.09375, 0.125, 0.15625, 0.1875, 0.21875, 0.25, 0.28125, 0.3125, 0.34375, 0.375, 0.40625, 0.4375, 0.46875, 0.5]}, "_runtime": 13, "_timestamp": 1617893748, "_step": 74}