{"hours_wall_time": 0.044636796388888886, "episode_length": 16.0, "episode_reward": -3.073627, "num_env_samples": 17385.0, "average_entropy": 1.4151251316070557, "distance_traveled": -0.019647877774027253, "mean_fwd_rew": -0.1395812873680055, "mean_torque_rew": -123.1238517974719, "mean_x_vel": -0.1407779162188407, "terminal_observation": {"_type": "histogram", "values": [1, 0, 0, 0, 0, 1, 0, 0, 0, 1, 1, 1, 0, 1, 3, 0, 7, 5, 6, 4, 3, 4, 1, 5, 3, 3, 2, 1, 0, 1, 0, 4], "bins": [-2.7264068126678467, -2.5877137184143066, -2.4490203857421875, -2.3103272914886475, -2.1716341972351074, -2.0329408645629883, -1.8942477703094482, -1.7555545568466187, -1.6168614625930786, -1.478168249130249, -1.3394750356674194, -1.2007819414138794, -1.0620887279510498, -0.923395574092865, -0.7847024202346802, -0.6460092067718506, -0.5073160529136658, -0.36862286925315857, -0.22992971539497375, -0.09123653173446655, 0.047456637024879456, 0.18614980578422546, 0.32484298944473267, 0.4635361433029175, 0.6022293567657471, 0.7409225106239319, 0.8796156644821167, 1.0183088779449463, 1.1570019721984863, 1.295695185661316, 1.4343883991241455, 1.5730814933776855, 1.7117747068405151]}, "_runtime": 162, "_timestamp": 1617832179, "_step": 298}