{"hours_wall_time": 0.0006781577777777778, "episode_length": 44, "episode_reward": -23.239584, "num_env_samples": 44, "average_entropy": 1.4189385175704956, "distance_traveled": -0.42100763344375114, "mean_fwd_rew": -0.3959577345273561, "mean_torque_rew": -132.21462403020175, "mean_x_vel": -0.5550682688742185, "terminal_observation": {"_type": "histogram", "values": [1, 0, 0, 0, 1, 0, 0, 1, 0, 0, 0, 1, 1, 4, 4, 2, 2, 1, 7, 0, 5, 1, 1, 1, 3, 5, 7, 4, 0, 0, 3, 3], "bins": [-3.9282538890838623, -3.7378005981445312, -3.5473473072052, -3.356894016265869, -3.166440963745117, -2.975987672805786, -2.785534381866455, -2.595081090927124, -2.404627799987793, -2.214174509048462, -2.02372145652771, -1.8332680463790894, -1.6428148746490479, -1.4523615837097168, -1.2619082927703857, -1.0714551210403442, -0.8810018301010132, -0.6905485987663269, -0.5000953078269958, -0.30964207649230957, -0.1191888153553009, 0.07126443833112717, 0.26171767711639404, 0.4521709382534027, 0.6426241993904114, 0.8330774307250977, 1.0235307216644287, 1.2139840126037598, 1.4044371843338013, 1.5948904752731323, 1.7853437662124634, 1.9757969379425049, 2.166250228881836]}, "_runtime": 8, "_timestamp": 1617832479, "_step": 0}