{"hours_wall_time": 0.010895433333333333, "episode_length": 42.0, "episode_reward": 2.2460689999999994, "num_env_samples": 4128.0, "average_entropy": 1.4183180332183838, "distance_traveled": 0.13643302936834134, "mean_fwd_rew": 0.18228355913950325, "mean_torque_rew": -128.80572772285797, "mean_x_vel": 0.1867083620377935, "terminal_observation": {"_type": "histogram", "values": [1, 0, 0, 0, 1, 2, 0, 0, 1, 2, 0, 2, 2, 5, 0, 1, 4, 7, 3, 6, 3, 2, 1, 3, 2, 2, 0, 0, 5, 2, 0, 1], "bins": [-3.224661350250244, -3.0559072494506836, -2.887153148651123, -2.7183990478515625, -2.549644947052002, -2.3808910846710205, -2.21213698387146, -2.0433828830718994, -1.8746287822723389, -1.7058746814727783, -1.5371205806732178, -1.3683665990829468, -1.1996124982833862, -1.0308583974838257, -0.8621043562889099, -0.6933503150939941, -0.5245962142944336, -0.35584214329719543, -0.18708807229995728, -0.018334001302719116, 0.15042006969451904, 0.3191741406917572, 0.48792821168899536, 0.6566822528839111, 0.8254363536834717, 0.9941904544830322, 1.1629445552825928, 1.3316985368728638, 1.5004526376724243, 1.6692067384719849, 1.8379607200622559, 2.0067148208618164, 2.175468921661377]}, "_runtime": 40, "_timestamp": 1617832529, "_step": 132}